,,Alabama,Alaska,Arizona,Arkansas,California,Colorado,Connecticut,Delaware,District of Columbia,Florida,Georgia,Hawaii,Idaho,Illinois,Indiana,Iowa,Kansas,Kentucky,Lousiana,Maine,Maryland,Massachusetts,Michigan,Minnesota,Missisippi,Missouri,Montana,Nebraska,Nevada,New Hampshire,New Jersey,New Mexico,New York,North Carolina,North Dakota,Ohio,Oklahoma,Oregon,Pennsylvania,Rhode Island,South Carolina,South Dakota,Tennessee,Texas,Utah,Vermont,Virginia,Washington,West Virginia,Wisconsin,Wyoming,Guam,North Mariana Islands,Puerto Rico
Long guns,State permit required to purchase?,No,No,No,No,Partial,No,Yes,No,No,No,Yes,No,Yes,No,No,No,No,No,No,No,Yes,No,No,No,No,No,No,No,No,Yes,No,No,No,No,No,No,No,No,No,No,No,No,No,No,No,Partial,No,#N/A,No,#N/A,#N/A,#N/A,#N/A,#N/A
Long guns,Firearm registration?,No,No,#N/A,No,Yes,No,Partial,No,Yes,No,Yes,No,No,No,No,No,"No",No,No,No,No,No,No,No,No,No,No,No,No,No,No,No,No,No,No,No,No,No,No,No,No,No,No,No,No,No,No,"No",No,Yes,Yes,No,Yes,Yes
Long guns,Owner license required?,No,No,No,No,No,No,No,No,Yes,No,No,No,#N/A,No,No,No,No,No,No,No,Yes,No,No,No,No,No,No,No,No,No,No,No,No,No,No,No,No,No,No,No,No,No,No,No,No,No,No,"No",No,#N/A,#N/A,#N/A,Yes,#N/A
Long guns,Permit required for concealed carry?,N/A,N/A,N/A,#N/A,#N/A,N/A,N/A,N/A,N/A,Yes,N/A,N/A,#N/A,#N/A,N/A,#N/A,#N/A,N/A,N/A,N/A,#N/A,#N/A,N/A,N/A,No,N/A,N/A,N/A,#N/A,N/A,#N/A,#N/A,N/A,#N/A,#N/A,#N/A,#N/A,#N/A,#N/A,N/A,N/A,N/A,N/A,N/A,N/A,N/A,#N/A,#N/A,N/A,#N/A,#N/A,#N/A,N/A,#N/A
Long guns,Permit required for open carry?,No,No,No,#N/A,#N/A,No,No,No,#N/A,No,Yes,No,#N/A,#N/A,Yes,#N/A,#N/A,No,No,No,#N/A,#N/A,Yes,No,No,No,No,No,#N/A,No,#N/A,#N/A,No,#N/A,#N/A,#N/A,#N/A,#N/A,#N/A,No,No,N/A,No,No,No,No,#N/A,#N/A,No,#N/A,#N/A,#N/A,#N/A,#N/A
Long guns,State preemption of local restrictions?,Yes,Yes,Partial,Yes,Yes,Yes,Partial,Yes*,Yes,Yes,Yes,Yes,Partial,Yes,Yes,#N/A,Yes,Yes,Yes,Yes,No,Yes,Yes,Yes,Yes,Yes,Yes*,Yes,Yes,No,#N/A,No,Yes,Yes,Yes,Yes,Yes,Yes,Yes,Yes,Yes,Yes,Yes,Yes,Yes,Yes,Yes,#N/A,Yes,#N/A,#N/A,#N/A,#N/A,#N/A
Long guns,Assault weapon law?,No,No,#N/A,No,Yes,No,Yes,No,Yes,No,No,No,No,No,No,No,No,No,No,Yes,Yes,No,No,No,No,No,No,No,No,Yes,No,Yes,No,No,No,No,No,No,No,No,No,No,No,No,Yes,#N/A,No,"No",No,No,#N/A,No,No,Yes
Long guns,NFA weapons restricted?,No,No,No,No,Yes,No,No,Yes,Yes,No,Yes,No,Yes,No,"Yes",No,No,No,No,No,Yes,No,Yes,No,No,No,No,No,No,Yes,No,#N/A,No,No,No,No,No,No,Yes,No,No,No,No,No,No,Partial,No,"No",No,Yes,Yes,Yes,Yes,Yes
Long guns,Background checks required for private sales?,No,No,No,No,Yes,Yes,Yes,Yes,Yes,No,Yes,No,Yes,No,No,No,No,No,No,Partial,Yes,No,No,No,No,No,No,Yes,No,Yes,Yes,Yes,No,No,No,No,Yes,No,Yes,No,No,No,No,Yes,No,Yes,No,"No",No,#N/A,#N/A,#N/A,#N/A,#N/A
Long guns,"Shall Certify?",#N/A,"Yes","Yes","Yes",#N/A,#N/A,#N/A,#N/A,#N/A,#N/A,#N/A,#N/A,#N/A,"Yes",#N/A,"Yes","Yes",#N/A,"Yes",#N/A,#N/A,#N/A,#N/A,#N/A,#N/A,#N/A,#N/A,#N/A,#N/A,#N/A,#N/A,#N/A,"Yes","Yes","Yes","Yes",#N/A,#N/A,#N/A,#N/A,#N/A,"Yes","Yes",#N/A,#N/A,#N/A,"Yes",#N/A,#N/A,#N/A,#N/A,#N/A,#N/A,#N/A
Long guns,Peaceable Journey laws?,#N/A,No,No,Yes,No,Yes,No,No,No,No,No,No,Partial,No,#N/A,No,No,#N/A,#N/A,#N/A,#N/A,#N/A,Yes,Yes,#N/A,Yes,#N/A,#N/A,No,#N/A,No,Yes,#N/A,#N/A,No,#N/A,Yes,Yes,No,No,#N/A,No,Yes,#N/A,#N/A,No,#N/A,#N/A,#N/A,No,#N/A,No,No,No
Long guns,Firearm registration required?,#N/A,#N/A,No,#N/A,#N/A,#N/A,#N/A,#N/A,#N/A,#N/A,#N/A,#N/A,#N/A,#N/A,#N/A,#N/A,#N/A,#N/A,#N/A,#N/A,#N/A,#N/A,#N/A,#N/A,#N/A,#N/A,#N/A,#N/A,#N/A,#N/A,#N/A,#N/A,#N/A,#N/A,#N/A,#N/A,#N/A,#N/A,#N/A,#N/A,#N/A,#N/A,#N/A,#N/A,#N/A,#N/A,#N/A,#N/A,#N/A,#N/A,#N/A,#N/A,#N/A,#N/A
Long guns,Assault weapon prohibition or restrictions?,#N/A,#N/A,No,#N/A,#N/A,#N/A,#N/A,#N/A,#N/A,#N/A,#N/A,#N/A,#N/A,#N/A,#N/A,#N/A,#N/A,#N/A,#N/A,#N/A,#N/A,#N/A,#N/A,#N/A,#N/A,#N/A,#N/A,#N/A,#N/A,#N/A,#N/A,#N/A,#N/A,#N/A,#N/A,#N/A,#N/A,#N/A,#N/A,#N/A,#N/A,#N/A,#N/A,#N/A,#N/A,#N/A,#N/A,#N/A,#N/A,#N/A,#N/A,#N/A,#N/A,#N/A
Long guns,Magazine Capacity Restriction?,#N/A,#N/A,No,No,Yes,Yes,Yes,No,Yes,No,No,No,No,No,No,No,No,No,No*,Yes,Yes,No,No,#N/A,No,No,#N/A,No,No,Yes,No,Yes,#N/A,No,#N/A,#N/A,#N/A,#N/A,#N/A,No,No,No,No,#N/A,#N/A,#N/A,#N/A,#N/A,No,No,No,Yes,No,Yes
Long guns,Lose Right to Possession Indefinitely under Mental Health laws?,#N/A,#N/A,Yes,#N/A,#N/A,#N/A,#N/A,#N/A,#N/A,#N/A,#N/A,#N/A,#N/A,#N/A,#N/A,#N/A,#N/A,#N/A,#N/A,#N/A,#N/A,#N/A,#N/A,#N/A,#N/A,#N/A,#N/A,#N/A,#N/A,#N/A,#N/A,#N/A,#N/A,#N/A,#N/A,#N/A,#N/A,#N/A,#N/A,#N/A,#N/A,#N/A,#N/A,#N/A,#N/A,#N/A,#N/A,#N/A,#N/A,#N/A,#N/A,#N/A,#N/A,#N/A
Long guns,License required for concealed carry?,#N/A,#N/A,#N/A,N/A,N/A,#N/A,#N/A,#N/A,N/A,#N/A,#N/A,#N/A,N/A,N/A,#N/A,N/A,N/A,#N/A,#N/A,#N/A,Yes,N/A,#N/A,#N/A,#N/A,#N/A,#N/A,#N/A,N/A,#N/A,N/A,N/A,#N/A,N/A,N/A,N/A,N/A,N/A,N/A,#N/A,#N/A,#N/A,N/A,#N/A,#N/A,#N/A,N/A,"N/A",#N/A,#N/A,#N/A,#N/A,#N/A,N/A
Long guns,License required for open carry?,#N/A,#N/A,#N/A,No,#N/A,#N/A,#N/A,#N/A,#N/A,#N/A,#N/A,#N/A,#N/A,No[58],#N/A,No,No,#N/A,#N/A,#N/A,Yes,No,#N/A,#N/A,#N/A,#N/A,#N/A,#N/A,No,#N/A,No,#N/A,#N/A,No,No,N/A,No,No,No,#N/A,#N/A,#N/A,No,#N/A,#N/A,#N/A,No,"No",#N/A,Yes,#N/A,N/A,#N/A,#N/A
Long guns,Open carry allowed?,#N/A,#N/A,#N/A,#N/A,Partial,#N/A,#N/A,#N/A,No,#N/A,#N/A,#N/A,No,#N/A,#N/A,#N/A,#N/A,#N/A,#N/A,#N/A,#N/A,#N/A,#N/A,#N/A,#N/A,#N/A,#N/A,#N/A,#N/A,#N/A,#N/A,No,#N/A,#N/A,#N/A,#N/A,#N/A,#N/A,#N/A,#N/A,#N/A,#N/A,#N/A,#N/A,#N/A,#N/A,#N/A,#N/A,#N/A,#N/A,#N/A,#N/A,No,No
Long guns,Vehicle carry?,#N/A,#N/A,#N/A,#N/A,No,#N/A,#N/A,#N/A,#N/A,#N/A,#N/A,#N/A,#N/A,Yes,#N/A,#N/A,#N/A,#N/A,#N/A,#N/A,#N/A,#N/A,#N/A,#N/A,#N/A,#N/A,#N/A,#N/A,#N/A,#N/A,#N/A,#N/A,#N/A,#N/A,#N/A,#N/A,#N/A,#N/A,No,#N/A,#N/A,#N/A,#N/A,#N/A,#N/A,#N/A,#N/A,#N/A,#N/A,#N/A,#N/A,#N/A,#N/A,#N/A
Long guns,Castle doctrine law?,#N/A,#N/A,#N/A,#N/A,Yes,#N/A,#N/A,#N/A,#N/A,#N/A,#N/A,#N/A,#N/A,Yes,#N/A,#N/A,#N/A,#N/A,#N/A,#N/A,#N/A,#N/A,#N/A,#N/A,#N/A,#N/A,#N/A,#N/A,#N/A,#N/A,Yes,Yes*,#N/A,#N/A,#N/A,#N/A,#N/A,#N/A,Yes,#N/A,#N/A,#N/A,Yes,#N/A,#N/A,#N/A,#N/A,#N/A,#N/A,#N/A,#N/A,#N/A,#N/A,#N/A
Long guns,Waiting period?,#N/A,#N/A,#N/A,#N/A,Yes,#N/A,#N/A,#N/A,Yes,#N/A,#N/A,#N/A,Yes,#N/A,#N/A,#N/A,#N/A,#N/A,#N/A,#N/A,#N/A,#N/A,#N/A,#N/A,#N/A,#N/A,#N/A,#N/A,#N/A,#N/A,#N/A,#N/A,#N/A,#N/A,#N/A,#N/A,#N/A,#N/A,Yes,#N/A,#N/A,#N/A,#N/A,#N/A,#N/A,#N/A,#N/A,#N/A,#N/A,#N/A,#N/A,#N/A,#N/A,#N/A
Long guns,Red flag law?,#N/A,#N/A,#N/A,#N/A,Yes,Yes,Yes,Yes,Yes,#N/A,#N/A,#N/A,Yes,Yes,#N/A,#N/A,#N/A,#N/A,#N/A,#N/A,Yes,#N/A,#N/A,#N/A,#N/A,#N/A,#N/A,#N/A,#N/A,Yes,No*,#N/A,#N/A,#N/A,#N/A,#N/A,Yes,#N/A,Yes,#N/A,#N/A,#N/A,#N/A,#N/A,#N/A,Yes,#N/A,#N/A,#N/A,#N/A,#N/A,#N/A,#N/A,#N/A
Long guns,Concealed within a vehicle?,#N/A,#N/A,#N/A,#N/A,#N/A,Yes,#N/A,#N/A,#N/A,#N/A,#N/A,#N/A,#N/A,#N/A,#N/A,#N/A,#N/A,#N/A,#N/A,#N/A,#N/A,#N/A,#N/A,#N/A,#N/A,#N/A,#N/A,#N/A,#N/A,#N/A,#N/A,#N/A,#N/A,#N/A,#N/A,#N/A,#N/A,#N/A,#N/A,#N/A,#N/A,#N/A,#N/A,#N/A,#N/A,#N/A,#N/A,#N/A,#N/A,#N/A,#N/A,#N/A,#N/A,#N/A
Long guns,Castle Doctrine?,#N/A,#N/A,#N/A,#N/A,#N/A,Yes,Yes,#N/A,#N/A,#N/A,#N/A,#N/A,#N/A,#N/A,#N/A,#N/A,#N/A,#N/A,#N/A,#N/A,#N/A,#N/A,#N/A,#N/A,#N/A,#N/A,#N/A,#N/A,#N/A,#N/A,#N/A,#N/A,#N/A,#N/A,#N/A,#N/A,#N/A,#N/A,#N/A,#N/A,#N/A,#N/A,#N/A,#N/A,#N/A,#N/A,#N/A,#N/A,#N/A,#N/A,#N/A,#N/A,#N/A,#N/A
Long guns,Stand Your Ground Law?,#N/A,#N/A,#N/A,#N/A,#N/A,No,#N/A,#N/A,#N/A,#N/A,#N/A,#N/A,#N/A,#N/A,#N/A,#N/A,#N/A,#N/A,#N/A,#N/A,#N/A,#N/A,#N/A,#N/A,#N/A,#N/A,#N/A,#N/A,#N/A,#N/A,#N/A,#N/A,#N/A,#N/A,#N/A,#N/A,#N/A,#N/A,#N/A,#N/A,#N/A,#N/A,Yes,#N/A,#N/A,#N/A,#N/A,#N/A,#N/A,#N/A,#N/A,#N/A,#N/A,#N/A
Long guns,Vehicle carry permitted?,#N/A,#N/A,#N/A,#N/A,#N/A,#N/A,No,#N/A,#N/A,#N/A,#N/A,#N/A,#N/A,#N/A,#N/A,#N/A,#N/A,#N/A,#N/A,#N/A,#N/A,#N/A,#N/A,#N/A,#N/A,#N/A,#N/A,#N/A,#N/A,#N/A,Yes,#N/A,#N/A,#N/A,#N/A,#N/A,#N/A,#N/A,#N/A,#N/A,#N/A,#N/A,#N/A,#N/A,#N/A,#N/A,#N/A,#N/A,#N/A,#N/A,#N/A,#N/A,#N/A,#N/A
Long guns,Duty to inform?,#N/A,#N/A,#N/A,#N/A,#N/A,#N/A,No,#N/A,No,#N/A,#N/A,#N/A,#N/A,No,#N/A,#N/A,#N/A,#N/A,#N/A,#N/A,#N/A,#N/A,#N/A,#N/A,#N/A,#N/A,#N/A,#N/A,#N/A,#N/A,No,#N/A,#N/A,#N/A,No,#N/A,#N/A,#N/A,#N/A,#N/A,#N/A,#N/A,#N/A,#N/A,#N/A,#N/A,#N/A,#N/A,#N/A,#N/A,#N/A,#N/A,#N/A,#N/A
Long guns,Permit required to purchase?,#N/A,#N/A,#N/A,#N/A,#N/A,#N/A,#N/A,#N/A,Yes,#N/A,#N/A,#N/A,#N/A,#N/A,#N/A,#N/A,#N/A,#N/A,#N/A,#N/A,#N/A,#N/A,#N/A,#N/A,#N/A,#N/A,#N/A,#N/A,#N/A,#N/A,#N/A,#N/A,#N/A,#N/A,#N/A,#N/A,#N/A,#N/A,#N/A,#N/A,#N/A,#N/A,#N/A,#N/A,#N/A,#N/A,#N/A,#N/A,#N/A,Yes,Yes,Yes,Yes,Yes
Long guns,"Red flag law?",#N/A,#N/A,#N/A,#N/A,#N/A,#N/A,#N/A,#N/A,"Yes",#N/A,"Yes",#N/A,#N/A,#N/A,#N/A,#N/A,#N/A,#N/A,#N/A,"Yes",#N/A,#N/A,#N/A,#N/A,#N/A,#N/A,#N/A,"Yes",#N/A,#N/A,#N/A,"Yes",#N/A,#N/A,#N/A,#N/A,#N/A,#N/A,#N/A,#N/A,#N/A,#N/A,#N/A,"Yes",#N/A,#N/A,#N/A,#N/A,#N/A,#N/A,#N/A,#N/A,#N/A,#N/A
Long guns,Owner permit required?,#N/A,#N/A,#N/A,#N/A,#N/A,#N/A,#N/A,#N/A,#N/A,#N/A,#N/A,#N/A,Yes,#N/A,#N/A,#N/A,#N/A,#N/A,#N/A,#N/A,#N/A,#N/A,#N/A,#N/A,#N/A,#N/A,#N/A,#N/A,#N/A,#N/A,#N/A,#N/A,#N/A,#N/A,#N/A,#N/A,#N/A,#N/A,#N/A,#N/A,#N/A,#N/A,#N/A,#N/A,#N/A,#N/A,#N/A,#N/A,#N/A,#N/A,#N/A,#N/A,#N/A,#N/A
Long guns,Vehicle carry allowed?,#N/A,#N/A,#N/A,#N/A,#N/A,#N/A,#N/A,#N/A,#N/A,#N/A,#N/A,#N/A,No,#N/A,#N/A,#N/A,#N/A,#N/A,#N/A,#N/A,#N/A,#N/A,#N/A,#N/A,#N/A,#N/A,#N/A,#N/A,#N/A,#N/A,#N/A,#N/A,#N/A,#N/A,#N/A,#N/A,#N/A,#N/A,#N/A,#N/A,#N/A,#N/A,#N/A,#N/A,#N/A,#N/A,#N/A,#N/A,#N/A,#N/A,#N/A,#N/A,#N/A,#N/A
Long guns,Castle doctrine / stand your ground laws?,#N/A,#N/A,#N/A,#N/A,#N/A,#N/A,#N/A,#N/A,#N/A,#N/A,#N/A,#N/A,Partial,#N/A,#N/A,#N/A,#N/A,#N/A,#N/A,#N/A,#N/A,#N/A,#N/A,#N/A,#N/A,#N/A,#N/A,#N/A,#N/A,#N/A,#N/A,#N/A,#N/A,#N/A,#N/A,#N/A,#N/A,#N/A,#N/A,#N/A,#N/A,#N/A,#N/A,#N/A,#N/A,#N/A,#N/A,#N/A,#N/A,#N/A,#N/A,#N/A,#N/A,#N/A
Long guns,Peaceable journey law?,#N/A,#N/A,#N/A,#N/A,#N/A,#N/A,#N/A,#N/A,#N/A,#N/A,#N/A,#N/A,#N/A,#N/A,#N/A,#N/A,#N/A,#N/A,#N/A,#N/A,#N/A,#N/A,#N/A,#N/A,Yes,#N/A,#N/A,#N/A,#N/A,#N/A,#N/A,#N/A,#N/A,#N/A,#N/A,#N/A,#N/A,#N/A,#N/A,#N/A,#N/A,#N/A,Yes,#N/A,#N/A,#N/A,#N/A,#N/A,#N/A,#N/A,#N/A,#N/A,#N/A,#N/A
Long guns,Out-of-state permits recognized?,#N/A,#N/A,#N/A,#N/A,#N/A,#N/A,#N/A,#N/A,#N/A,#N/A,#N/A,#N/A,#N/A,#N/A,#N/A,#N/A,#N/A,#N/A,#N/A,#N/A,#N/A,#N/A,#N/A,#N/A,#N/A,#N/A,#N/A,#N/A,#N/A,#N/A,N/A,#N/A,#N/A,#N/A,#N/A,#N/A,#N/A,#N/A,No,#N/A,#N/A,#N/A,#N/A,#N/A,#N/A,#N/A,#N/A,#N/A,#N/A,#N/A,#N/A,#N/A,#N/A,#N/A
Long guns,Concealed Carry on College Campuses?,#N/A,#N/A,#N/A,#N/A,#N/A,#N/A,#N/A,#N/A,#N/A,#N/A,#N/A,#N/A,#N/A,#N/A,#N/A,#N/A,#N/A,#N/A,#N/A,#N/A,#N/A,#N/A,#N/A,#N/A,#N/A,#N/A,#N/A,#N/A,#N/A,#N/A,No,#N/A,#N/A,#N/A,#N/A,#N/A,#N/A,#N/A,#N/A,#N/A,#N/A,#N/A,#N/A,#N/A,#N/A,#N/A,#N/A,#N/A,#N/A,#N/A,#N/A,#N/A,#N/A,#N/A
Long guns,State pre-emption of local ordinances?,#N/A,#N/A,#N/A,#N/A,#N/A,#N/A,#N/A,#N/A,#N/A,#N/A,#N/A,#N/A,#N/A,#N/A,#N/A,#N/A,#N/A,#N/A,#N/A,#N/A,#N/A,#N/A,#N/A,#N/A,#N/A,#N/A,#N/A,#N/A,#N/A,#N/A,Yes,#N/A,#N/A,#N/A,#N/A,#N/A,#N/A,#N/A,#N/A,#N/A,#N/A,#N/A,#N/A,#N/A,#N/A,#N/A,#N/A,#N/A,#N/A,#N/A,#N/A,#N/A,#N/A,#N/A
Long guns,Duty to Retreat?,#N/A,#N/A,#N/A,#N/A,#N/A,#N/A,#N/A,#N/A,#N/A,#N/A,#N/A,#N/A,#N/A,#N/A,#N/A,#N/A,#N/A,#N/A,#N/A,#N/A,#N/A,#N/A,#N/A,#N/A,#N/A,#N/A,#N/A,#N/A,#N/A,#N/A,No,#N/A,#N/A,#N/A,#N/A,#N/A,#N/A,#N/A,#N/A,#N/A,#N/A,#N/A,#N/A,#N/A,#N/A,#N/A,#N/A,#N/A,#N/A,#N/A,#N/A,#N/A,#N/A,#N/A
Long guns,Opt-Out statute?,#N/A,#N/A,#N/A,#N/A,#N/A,#N/A,#N/A,#N/A,#N/A,#N/A,#N/A,#N/A,#N/A,#N/A,#N/A,#N/A,#N/A,#N/A,#N/A,#N/A,#N/A,#N/A,#N/A,#N/A,#N/A,#N/A,#N/A,#N/A,#N/A,#N/A,Yes,#N/A,#N/A,#N/A,#N/A,#N/A,#N/A,#N/A,#N/A,#N/A,#N/A,#N/A,#N/A,#N/A,#N/A,#N/A,#N/A,#N/A,#N/A,#N/A,#N/A,#N/A,#N/A,#N/A
Long guns,Title II (National Firearms Act) weapons restricted?,#N/A,#N/A,#N/A,#N/A,#N/A,#N/A,#N/A,#N/A,#N/A,#N/A,#N/A,#N/A,#N/A,#N/A,#N/A,#N/A,#N/A,#N/A,#N/A,#N/A,#N/A,#N/A,#N/A,#N/A,#N/A,#N/A,#N/A,#N/A,#N/A,#N/A,#N/A,Yes,#N/A,#N/A,#N/A,#N/A,#N/A,#N/A,#N/A,#N/A,#N/A,#N/A,#N/A,#N/A,#N/A,#N/A,#N/A,#N/A,#N/A,#N/A,#N/A,#N/A,#N/A,#N/A
Long guns,Minimum age to purchase firearms.,#N/A,#N/A,#N/A,#N/A,#N/A,#N/A,#N/A,#N/A,#N/A,#N/A,#N/A,#N/A,#N/A,#N/A,#N/A,#N/A,#N/A,#N/A,#N/A,#N/A,#N/A,#N/A,#N/A,#N/A,#N/A,#N/A,#N/A,#N/A,#N/A,#N/A,#N/A,#N/A,#N/A,#N/A,#N/A,#N/A,18,#N/A,#N/A,#N/A,#N/A,#N/A,#N/A,#N/A,#N/A,#N/A,#N/A,#N/A,#N/A,#N/A,#N/A,#N/A,#N/A,#N/A
Long guns,Minors allowed to possess firearms?,#N/A,#N/A,#N/A,#N/A,#N/A,#N/A,#N/A,#N/A,#N/A,#N/A,#N/A,#N/A,#N/A,#N/A,#N/A,#N/A,#N/A,#N/A,#N/A,#N/A,#N/A,#N/A,#N/A,#N/A,#N/A,#N/A,#N/A,#N/A,#N/A,#N/A,#N/A,#N/A,#N/A,#N/A,#N/A,#N/A,"Yes, with exceptions",#N/A,#N/A,#N/A,#N/A,#N/A,#N/A,#N/A,#N/A,#N/A,#N/A,#N/A,#N/A,#N/A,#N/A,#N/A,#N/A,#N/A
Long guns,Castle Law/Stand Your Ground?,#N/A,#N/A,#N/A,#N/A,#N/A,#N/A,#N/A,#N/A,#N/A,#N/A,#N/A,#N/A,#N/A,#N/A,#N/A,#N/A,#N/A,#N/A,#N/A,#N/A,#N/A,#N/A,#N/A,#N/A,#N/A,#N/A,#N/A,#N/A,#N/A,#N/A,#N/A,#N/A,#N/A,#N/A,#N/A,#N/A,#N/A,Yes,#N/A,#N/A,#N/A,#N/A,#N/A,#N/A,#N/A,#N/A,#N/A,#N/A,#N/A,#N/A,#N/A,#N/A,#N/A,#N/A
Long guns,Self-defense law,#N/A,#N/A,#N/A,#N/A,#N/A,#N/A,#N/A,#N/A,#N/A,#N/A,#N/A,#N/A,#N/A,#N/A,#N/A,#N/A,#N/A,#N/A,#N/A,#N/A,#N/A,#N/A,#N/A,#N/A,#N/A,#N/A,#N/A,#N/A,#N/A,#N/A,#N/A,#N/A,#N/A,#N/A,#N/A,#N/A,#N/A,#N/A,#N/A,#N/A,#N/A,Yes,#N/A,#N/A,#N/A,#N/A,#N/A,#N/A,#N/A,#N/A,#N/A,#N/A,#N/A,#N/A
Long guns,Concealed carry on college campus?,#N/A,#N/A,#N/A,#N/A,#N/A,#N/A,#N/A,#N/A,#N/A,#N/A,#N/A,#N/A,#N/A,#N/A,#N/A,#N/A,#N/A,#N/A,#N/A,#N/A,#N/A,#N/A,#N/A,#N/A,#N/A,#N/A,#N/A,#N/A,#N/A,#N/A,#N/A,#N/A,#N/A,#N/A,#N/A,#N/A,#N/A,#N/A,#N/A,#N/A,#N/A,#N/A,No,#N/A,#N/A,#N/A,#N/A,#N/A,#N/A,#N/A,#N/A,#N/A,#N/A,#N/A
Long guns,Castle doctrine/ stand your ground law?,#N/A,#N/A,#N/A,#N/A,#N/A,#N/A,#N/A,#N/A,#N/A,#N/A,#N/A,#N/A,#N/A,#N/A,#N/A,#N/A,#N/A,#N/A,#N/A,#N/A,#N/A,#N/A,#N/A,#N/A,#N/A,#N/A,#N/A,#N/A,#N/A,#N/A,#N/A,#N/A,#N/A,#N/A,#N/A,#N/A,#N/A,#N/A,#N/A,#N/A,#N/A,#N/A,Yes,#N/A,#N/A,#N/A,#N/A,#N/A,#N/A,#N/A,#N/A,#N/A,#N/A,#N/A
Long guns,Assault Weapons law?,#N/A,#N/A,#N/A,#N/A,#N/A,#N/A,#N/A,#N/A,#N/A,#N/A,#N/A,#N/A,#N/A,#N/A,#N/A,#N/A,#N/A,#N/A,#N/A,#N/A,#N/A,#N/A,#N/A,#N/A,#N/A,#N/A,#N/A,#N/A,#N/A,#N/A,#N/A,#N/A,#N/A,#N/A,#N/A,#N/A,#N/A,#N/A,#N/A,#N/A,#N/A,#N/A,No,#N/A,#N/A,Yes,#N/A,#N/A,#N/A,#N/A,#N/A,#N/A,#N/A,#N/A
Long guns,Magazine restriction?,#N/A,#N/A,#N/A,#N/A,#N/A,#N/A,#N/A,#N/A,#N/A,#N/A,#N/A,#N/A,#N/A,#N/A,#N/A,#N/A,#N/A,#N/A,#N/A,#N/A,#N/A,#N/A,#N/A,#N/A,#N/A,#N/A,#N/A,#N/A,#N/A,#N/A,#N/A,#N/A,#N/A,#N/A,#N/A,#N/A,#N/A,#N/A,#N/A,#N/A,#N/A,#N/A,#N/A,Yes,No,#N/A,#N/A,#N/A,#N/A,#N/A,#N/A,#N/A,#N/A,#N/A
Long guns,Constitutional Right to Bear Arms?,#N/A,#N/A,#N/A,#N/A,#N/A,#N/A,#N/A,#N/A,#N/A,#N/A,#N/A,#N/A,#N/A,#N/A,#N/A,#N/A,#N/A,#N/A,#N/A,#N/A,#N/A,#N/A,#N/A,#N/A,#N/A,#N/A,#N/A,#N/A,#N/A,#N/A,#N/A,#N/A,#N/A,#N/A,#N/A,#N/A,#N/A,#N/A,#N/A,#N/A,#N/A,#N/A,#N/A,#N/A,#N/A,Yes,#N/A,#N/A,#N/A,#N/A,#N/A,#N/A,#N/A,#N/A
Long guns,Magazine capacity restrictions?,#N/A,#N/A,#N/A,#N/A,#N/A,#N/A,#N/A,#N/A,#N/A,#N/A,#N/A,#N/A,#N/A,#N/A,#N/A,#N/A,#N/A,#N/A,#N/A,#N/A,#N/A,#N/A,#N/A,#N/A,#N/A,#N/A,#N/A,#N/A,#N/A,#N/A,#N/A,#N/A,#N/A,#N/A,#N/A,#N/A,#N/A,#N/A,#N/A,#N/A,#N/A,#N/A,#N/A,#N/A,#N/A,No,#N/A,"No",#N/A,#N/A,#N/A,#N/A,#N/A,#N/A
Long guns,Concealed carry allowed?,#N/A,#N/A,#N/A,#N/A,#N/A,#N/A,#N/A,#N/A,#N/A,#N/A,#N/A,#N/A,#N/A,#N/A,#N/A,#N/A,#N/A,#N/A,#N/A,#N/A,#N/A,#N/A,#N/A,#N/A,#N/A,#N/A,#N/A,#N/A,#N/A,#N/A,#N/A,#N/A,#N/A,#N/A,#N/A,#N/A,#N/A,#N/A,#N/A,#N/A,#N/A,#N/A,#N/A,#N/A,#N/A,#N/A,#N/A,#N/A,#N/A,N/A,#N/A,N/A,#N/A,#N/A
Long guns,Owner License Required,#N/A,#N/A,#N/A,#N/A,#N/A,#N/A,#N/A,#N/A,#N/A,#N/A,#N/A,#N/A,#N/A,#N/A,#N/A,#N/A,#N/A,#N/A,#N/A,#N/A,#N/A,#N/A,#N/A,#N/A,#N/A,#N/A,#N/A,#N/A,#N/A,#N/A,#N/A,#N/A,#N/A,#N/A,#N/A,#N/A,#N/A,#N/A,#N/A,#N/A,#N/A,#N/A,#N/A,#N/A,#N/A,#N/A,#N/A,#N/A,#N/A,#N/A,Yes,#N/A,#N/A,#N/A
Long guns,"License required for concealed carry?",#N/A,#N/A,#N/A,#N/A,#N/A,#N/A,#N/A,#N/A,#N/A,#N/A,#N/A,#N/A,#N/A,#N/A,#N/A,#N/A,#N/A,#N/A,#N/A,#N/A,#N/A,#N/A,#N/A,#N/A,#N/A,#N/A,#N/A,#N/A,#N/A,#N/A,#N/A,#N/A,#N/A,#N/A,#N/A,#N/A,#N/A,#N/A,#N/A,#N/A,#N/A,#N/A,#N/A,#N/A,#N/A,#N/A,#N/A,#N/A,#N/A,#N/A,"N/A",#N/A,#N/A,#N/A
Long guns,"License required for open carry?",#N/A,#N/A,#N/A,#N/A,#N/A,#N/A,#N/A,#N/A,#N/A,#N/A,#N/A,#N/A,#N/A,#N/A,#N/A,#N/A,#N/A,#N/A,#N/A,#N/A,#N/A,#N/A,#N/A,#N/A,#N/A,#N/A,#N/A,#N/A,#N/A,#N/A,#N/A,#N/A,#N/A,#N/A,#N/A,#N/A,#N/A,#N/A,#N/A,#N/A,#N/A,#N/A,#N/A,#N/A,#N/A,#N/A,#N/A,#N/A,#N/A,#N/A,"Yes",#N/A,#N/A,#N/A
Long guns,Assault weapon law,#N/A,#N/A,#N/A,#N/A,#N/A,#N/A,#N/A,#N/A,#N/A,#N/A,#N/A,#N/A,#N/A,#N/A,#N/A,#N/A,#N/A,#N/A,#N/A,#N/A,#N/A,#N/A,#N/A,#N/A,#N/A,#N/A,#N/A,#N/A,#N/A,#N/A,#N/A,#N/A,#N/A,#N/A,#N/A,#N/A,#N/A,#N/A,#N/A,#N/A,#N/A,#N/A,#N/A,#N/A,#N/A,#N/A,#N/A,#N/A,#N/A,#N/A,No,#N/A,#N/A,#N/A
Handguns,State permit required to purchase?,No,No,No,No,Partial,No,Yes,No,No,No,Yes,No,Yes,No,"Yes",No,No,No,No,Yes,Yes,Not from FFL,Yes,No,No,No,Yes,No,No,Yes,No,Yes,Yes,No,No,No,No,No,Yes,No,No,No,No,No,No,No,No,#N/A,No,#N/A,#N/A,#N/A,#N/A,#N/A
Handguns,Firearm registration?,No,No,#N/A,No,Yes,No,Partial,No,Yes,No,Yes,No,No,No,No,No,No,No,No,Yes,No,Yes,No,No,No,No,No,No,No,Yes,No,Yes,No,No,No,No,No,Partial,No,No,No,No,No,No,No,Partial,No,No,No,Yes,Yes,No,Yes,Yes
Handguns,Owner license required?,No,No,No,No,No,No,No,No,Yes,No,No,No,#N/A,No,"No",No,No,No,No,No,Yes,No,No,No,No,No,No,No,No,No,No,Yes,No,No,No,No,No,No,No,No,No,No,No,No,No,No,No,"No",No,#N/A,#N/A,#N/A,Yes,#N/A
Handguns,Permit required for concealed carry?,Yes,No,No,#N/A,#N/A,Yes,Yes,Yes,Yes,Yes,Yes,No,#N/A,#N/A,Yes,#N/A,#N/A,Yes,No,Yes,#N/A,#N/A,Yes,No,No,Yes,Yes,Yes,#N/A,Yes,#N/A,#N/A,Yes,#N/A,#N/A,#N/A,#N/A,#N/A,#N/A,Yes,No,Yes,Yes,No,Yes,Yes,#N/A,#N/A,No,#N/A,#N/A,#N/A,Yes,#N/A
Handguns,Permit required for open carry?,No,No,No,#N/A,#N/A,No,Yes,No,#N/A,Yes,Yes,No,#N/A,#N/A,Yes,#N/A,#N/A,No,No,Yes,#N/A,#N/A,Yes,No,No,No,No,No,#N/A,Yes,#N/A,#N/A,No,#N/A,#N/A,#N/A,#N/A,#N/A,#N/A,N/A,No,Yes,Yes,No,No,No,#N/A,#N/A,No,#N/A,#N/A,#N/A,#N/A,#N/A
Handguns,State preemption of local restrictions?,Yes,Yes,Partial,Yes,Yes,Yes,Yes,Yes*,Yes,Yes,Yes,Yes,Partial,Yes,"Yes",#N/A,Yes,Yes,Yes,Yes,No,Yes,Yes,Yes,Yes,Yes,Yes*,Yes,Yes,No,#N/A,No,Yes,Yes,Yes,Yes,Yes,Yes,Yes,Yes,Yes,Yes,Yes,Yes,Yes,Yes,Yes,#N/A,Yes,#N/A,#N/A,#N/A,#N/A,#N/A
Handguns,Assault weapon law?,No,No,#N/A,No,Yes,No,Yes,No,Yes,No,Yes,No,No,No,No,No,No,No,No,Yes,Yes,No,No,No,No,No,No,No,No,Yes,No,Yes,No,No,No,No,No,No,No,No,No,No,No,No,Yes,#N/A,No,No,No,No,#N/A,No,No,Yes
Handguns,NFA weapons restricted?,No,No,No,No,Yes,No,No,Yes,Yes,No,Yes,No,Yes,No,"Yes",No,No,No,No,No,Yes,No,Yes,No,No,No,No,No,No,Yes,No,#N/A,No,No,No,No,No,No,Yes,No,No,No,No,No,No,Partial,No,"No",No,Yes,Yes,Yes,Yes,Yes
Handguns,Background checks required for private sales?,No,No,No,No,Yes,Yes,Yes,Yes,Yes,No,Yes,No,Yes,No,Yes,No,No,No,No,Yes,Yes,Yes,No,No,No,No,Yes,Yes,No,Yes,Yes,Yes,Yes,No,No,No,Yes,Yes,Yes,No,No,No,No,Yes,No,Yes,No,0,No,#N/A,#N/A,#N/A,#N/A,#N/A
Handguns,"Shall Certify?",#N/A,"Yes","Yes","Yes",#N/A,#N/A,#N/A,#N/A,#N/A,#N/A,#N/A,#N/A,#N/A,"Yes",#N/A,"Yes","Yes",#N/A,"Yes",#N/A,#N/A,#N/A,#N/A,#N/A,#N/A,#N/A,#N/A,#N/A,#N/A,#N/A,#N/A,#N/A,"Yes","Yes","Yes","Yes",#N/A,#N/A,#N/A,#N/A,#N/A,"Yes","Yes",#N/A,#N/A,#N/A,"Yes",#N/A,#N/A,#N/A,#N/A,#N/A,#N/A,#N/A
Handguns,Peaceable Journey laws?,#N/A,No,No,Yes,No,Yes,No,No,No,No,No,No,Yes,No,#N/A,No,No,#N/A,#N/A,#N/A,#N/A,#N/A,Yes,Yes,#N/A,Yes,#N/A,#N/A,No,#N/A,No,Yes,#N/A,#N/A,No,#N/A,Yes,Yes,Yes,No,#N/A,No,Yes,#N/A,#N/A,No,#N/A,#N/A,#N/A,No,#N/A,No,No,No
Handguns,Firearm registration required?,#N/A,#N/A,No,#N/A,#N/A,#N/A,#N/A,#N/A,#N/A,#N/A,#N/A,#N/A,#N/A,#N/A,#N/A,#N/A,#N/A,#N/A,#N/A,#N/A,#N/A,#N/A,#N/A,#N/A,#N/A,#N/A,#N/A,#N/A,#N/A,#N/A,#N/A,#N/A,#N/A,#N/A,#N/A,#N/A,#N/A,#N/A,#N/A,#N/A,#N/A,#N/A,#N/A,#N/A,#N/A,#N/A,#N/A,#N/A,#N/A,#N/A,#N/A,#N/A,#N/A,#N/A
Handguns,Assault weapon prohibition or restrictions?,#N/A,#N/A,No,#N/A,#N/A,#N/A,#N/A,#N/A,#N/A,#N/A,#N/A,#N/A,#N/A,#N/A,#N/A,#N/A,#N/A,#N/A,#N/A,#N/A,#N/A,#N/A,#N/A,#N/A,#N/A,#N/A,#N/A,#N/A,#N/A,#N/A,#N/A,#N/A,#N/A,#N/A,#N/A,#N/A,#N/A,#N/A,#N/A,#N/A,#N/A,#N/A,#N/A,#N/A,#N/A,#N/A,#N/A,#N/A,#N/A,#N/A,#N/A,#N/A,#N/A,#N/A
Handguns,Magazine Capacity Restriction?,#N/A,#N/A,No,No,Yes,Yes,Yes,No,Yes,No,Yes,No,No,No,No,No,No,No,No,Yes,Yes,No,No,#N/A,No,No,#N/A,No,No,Yes,No,Yes,#N/A,No,#N/A,#N/A,#N/A,#N/A,#N/A,No,No,No,No,#N/A,#N/A,#N/A,#N/A,#N/A,No,No,No,Yes,No,Yes
Handguns,Lose Right to Possession Indefinitely under Mental Health laws?,#N/A,#N/A,Yes,#N/A,#N/A,#N/A,#N/A,#N/A,#N/A,#N/A,#N/A,#N/A,#N/A,#N/A,#N/A,#N/A,#N/A,#N/A,#N/A,#N/A,#N/A,#N/A,#N/A,#N/A,#N/A,#N/A,#N/A,#N/A,#N/A,#N/A,#N/A,#N/A,#N/A,#N/A,#N/A,#N/A,#N/A,#N/A,#N/A,#N/A,#N/A,#N/A,#N/A,#N/A,#N/A,#N/A,#N/A,#N/A,#N/A,#N/A,#N/A,#N/A,#N/A,#N/A
Handguns,License required for concealed carry?,#N/A,#N/A,#N/A,No,Yes,#N/A,#N/A,#N/A,Yes,#N/A,#N/A,#N/A,Yes,Yes,#N/A,No,No,#N/A,#N/A,#N/A,Yes,Yes,#N/A,#N/A,#N/A,#N/A,#N/A,#N/A,No,#N/A,Yes,Yes,#N/A,No,Yes,Yes,Yes,Yes,Yes,#N/A,#N/A,#N/A,Yes,#N/A,#N/A,#N/A,No,"Yes",#N/A,#N/A,#N/A,#N/A,#N/A,Yes
Handguns,License required for open carry?,#N/A,#N/A,#N/A,No,#N/A,#N/A,#N/A,#N/A,#N/A,#N/A,#N/A,#N/A,#N/A,Yes,#N/A,No,No,#N/A,#N/A,#N/A,Yes,No,#N/A,#N/A,#N/A,#N/A,#N/A,#N/A,No,#N/A,No,#N/A,#N/A,Yes,No,Yes,No,No,Yes,#N/A,#N/A,#N/A,Yes,#N/A,#N/A,#N/A,No,No,#N/A,Yes,#N/A,No,#N/A,#N/A
Handguns,Open carry allowed?,#N/A,#N/A,#N/A,#N/A,Partial,#N/A,#N/A,#N/A,No,#N/A,#N/A,#N/A,No,#N/A,#N/A,#N/A,#N/A,#N/A,#N/A,#N/A,#N/A,#N/A,#N/A,#N/A,#N/A,#N/A,#N/A,#N/A,#N/A,#N/A,#N/A,No,#N/A,#N/A,#N/A,#N/A,#N/A,#N/A,#N/A,#N/A,#N/A,#N/A,#N/A,#N/A,#N/A,#N/A,#N/A,#N/A,#N/A,#N/A,#N/A,#N/A,No,No
Handguns,Vehicle carry?,#N/A,#N/A,#N/A,#N/A,Yes,#N/A,#N/A,#N/A,#N/A,#N/A,#N/A,#N/A,#N/A,Yes,#N/A,#N/A,#N/A,#N/A,#N/A,#N/A,#N/A,#N/A,#N/A,#N/A,#N/A,#N/A,#N/A,#N/A,#N/A,#N/A,#N/A,#N/A,#N/A,#N/A,#N/A,#N/A,#N/A,#N/A,Yes,#N/A,#N/A,#N/A,#N/A,#N/A,#N/A,#N/A,#N/A,#N/A,#N/A,#N/A,#N/A,#N/A,#N/A,#N/A
Handguns,Castle doctrine law?,#N/A,#N/A,#N/A,#N/A,Yes,#N/A,#N/A,#N/A,#N/A,#N/A,#N/A,#N/A,#N/A,Yes,#N/A,#N/A,#N/A,#N/A,#N/A,#N/A,#N/A,#N/A,#N/A,#N/A,#N/A,#N/A,#N/A,#N/A,#N/A,#N/A,Yes,Yes*,#N/A,#N/A,#N/A,#N/A,#N/A,#N/A,Yes,#N/A,#N/A,#N/A,Yes,#N/A,#N/A,#N/A,#N/A,#N/A,#N/A,#N/A,#N/A,#N/A,#N/A,#N/A
Handguns,Waiting period?,#N/A,#N/A,#N/A,#N/A,Yes,#N/A,#N/A,#N/A,Yes,#N/A,#N/A,#N/A,Yes,#N/A,#N/A,#N/A,#N/A,#N/A,#N/A,#N/A,#N/A,#N/A,#N/A,#N/A,#N/A,#N/A,#N/A,#N/A,#N/A,#N/A,#N/A,#N/A,#N/A,#N/A,#N/A,#N/A,#N/A,#N/A,Yes,#N/A,#N/A,#N/A,#N/A,#N/A,#N/A,#N/A,#N/A,#N/A,#N/A,#N/A,#N/A,#N/A,#N/A,#N/A
Handguns,Red flag law?,#N/A,#N/A,#N/A,#N/A,Yes,Yes,Yes,Yes,Yes,#N/A,#N/A,#N/A,Yes,Yes,#N/A,#N/A,#N/A,#N/A,#N/A,#N/A,Yes,#N/A,#N/A,#N/A,#N/A,#N/A,#N/A,#N/A,#N/A,Yes,No*,#N/A,#N/A,#N/A,#N/A,#N/A,Yes,#N/A,Yes,#N/A,#N/A,#N/A,#N/A,#N/A,#N/A,Yes,#N/A,#N/A,#N/A,#N/A,#N/A,#N/A,#N/A,#N/A
Handguns,Concealed within a vehicle?,#N/A,#N/A,#N/A,#N/A,#N/A,Yes,#N/A,#N/A,#N/A,#N/A,#N/A,#N/A,#N/A,#N/A,#N/A,#N/A,#N/A,#N/A,#N/A,#N/A,#N/A,#N/A,#N/A,#N/A,#N/A,#N/A,#N/A,#N/A,#N/A,#N/A,#N/A,#N/A,#N/A,#N/A,#N/A,#N/A,#N/A,#N/A,#N/A,#N/A,#N/A,#N/A,#N/A,#N/A,#N/A,#N/A,#N/A,#N/A,#N/A,#N/A,#N/A,#N/A,#N/A,#N/A
Handguns,Castle Doctrine?,#N/A,#N/A,#N/A,#N/A,#N/A,Yes,Yes,#N/A,#N/A,#N/A,#N/A,#N/A,#N/A,#N/A,#N/A,#N/A,#N/A,#N/A,#N/A,#N/A,#N/A,#N/A,#N/A,#N/A,#N/A,#N/A,#N/A,#N/A,#N/A,#N/A,#N/A,#N/A,#N/A,#N/A,#N/A,#N/A,#N/A,#N/A,#N/A,#N/A,#N/A,#N/A,#N/A,#N/A,#N/A,#N/A,#N/A,#N/A,#N/A,#N/A,#N/A,#N/A,#N/A,#N/A
Handguns,Stand Your Ground Law?,#N/A,#N/A,#N/A,#N/A,#N/A,No,#N/A,#N/A,#N/A,#N/A,#N/A,#N/A,#N/A,#N/A,#N/A,#N/A,#N/A,#N/A,#N/A,#N/A,#N/A,#N/A,#N/A,#N/A,#N/A,#N/A,#N/A,#N/A,#N/A,#N/A,#N/A,#N/A,#N/A,#N/A,#N/A,#N/A,#N/A,#N/A,#N/A,#N/A,#N/A,#N/A,Yes,#N/A,#N/A,#N/A,#N/A,#N/A,#N/A,#N/A,#N/A,#N/A,#N/A,#N/A
Handguns,Vehicle carry permitted?,#N/A,#N/A,#N/A,#N/A,#N/A,#N/A,Yes,#N/A,#N/A,#N/A,#N/A,#N/A,#N/A,#N/A,#N/A,#N/A,#N/A,#N/A,#N/A,#N/A,#N/A,#N/A,#N/A,#N/A,#N/A,#N/A,#N/A,#N/A,#N/A,#N/A,Yes,#N/A,#N/A,#N/A,#N/A,#N/A,#N/A,#N/A,#N/A,#N/A,#N/A,#N/A,#N/A,#N/A,#N/A,#N/A,#N/A,#N/A,#N/A,#N/A,#N/A,#N/A,#N/A,#N/A
Handguns,Duty to inform?,#N/A,#N/A,#N/A,#N/A,#N/A,#N/A,No,#N/A,No,#N/A,#N/A,#N/A,#N/A,No,#N/A,#N/A,#N/A,#N/A,#N/A,#N/A,#N/A,#N/A,#N/A,#N/A,#N/A,#N/A,#N/A,#N/A,#N/A,#N/A,No,#N/A,#N/A,#N/A,Yes,#N/A,#N/A,#N/A,#N/A,#N/A,#N/A,#N/A,#N/A,#N/A,#N/A,#N/A,#N/A,#N/A,#N/A,#N/A,#N/A,#N/A,#N/A,#N/A
Handguns,Permit required to purchase?,#N/A,#N/A,#N/A,#N/A,#N/A,#N/A,#N/A,#N/A,Yes,#N/A,#N/A,#N/A,#N/A,#N/A,#N/A,#N/A,#N/A,#N/A,#N/A,#N/A,#N/A,#N/A,#N/A,#N/A,#N/A,#N/A,#N/A,#N/A,#N/A,#N/A,#N/A,#N/A,#N/A,#N/A,#N/A,#N/A,#N/A,#N/A,#N/A,#N/A,#N/A,#N/A,#N/A,#N/A,#N/A,#N/A,#N/A,#N/A,#N/A,N/A,Yes,Yes,Yes,Yes
Handguns,"Red flag law?",#N/A,#N/A,#N/A,#N/A,#N/A,#N/A,#N/A,#N/A,"Yes",#N/A,"Yes",#N/A,#N/A,#N/A,#N/A,#N/A,#N/A,#N/A,#N/A,"Yes",#N/A,#N/A,#N/A,#N/A,#N/A,#N/A,#N/A,"Yes",#N/A,#N/A,#N/A,"Yes",#N/A,#N/A,#N/A,#N/A,#N/A,#N/A,#N/A,#N/A,#N/A,#N/A,#N/A,"Yes",#N/A,#N/A,#N/A,#N/A,#N/A,#N/A,#N/A,#N/A,#N/A,#N/A
Handguns,Owner permit required?,#N/A,#N/A,#N/A,#N/A,#N/A,#N/A,#N/A,#N/A,#N/A,#N/A,#N/A,#N/A,Yes,#N/A,#N/A,#N/A,#N/A,#N/A,#N/A,#N/A,#N/A,#N/A,#N/A,#N/A,#N/A,#N/A,#N/A,#N/A,#N/A,#N/A,#N/A,#N/A,#N/A,#N/A,#N/A,#N/A,#N/A,#N/A,#N/A,#N/A,#N/A,#N/A,#N/A,#N/A,#N/A,#N/A,#N/A,#N/A,#N/A,#N/A,#N/A,#N/A,#N/A,#N/A
Handguns,Vehicle carry allowed?,#N/A,#N/A,#N/A,#N/A,#N/A,#N/A,#N/A,#N/A,#N/A,#N/A,#N/A,#N/A,Yes,#N/A,#N/A,#N/A,#N/A,#N/A,#N/A,#N/A,#N/A,#N/A,#N/A,#N/A,#N/A,#N/A,#N/A,#N/A,#N/A,#N/A,#N/A,#N/A,#N/A,#N/A,#N/A,#N/A,#N/A,#N/A,#N/A,#N/A,#N/A,#N/A,#N/A,#N/A,#N/A,#N/A,#N/A,#N/A,#N/A,#N/A,#N/A,#N/A,#N/A,#N/A
Handguns,Castle doctrine / stand your ground laws?,#N/A,#N/A,#N/A,#N/A,#N/A,#N/A,#N/A,#N/A,#N/A,#N/A,#N/A,#N/A,Partial,#N/A,#N/A,#N/A,#N/A,#N/A,#N/A,#N/A,#N/A,#N/A,#N/A,#N/A,#N/A,#N/A,#N/A,#N/A,#N/A,#N/A,#N/A,#N/A,#N/A,#N/A,#N/A,#N/A,#N/A,#N/A,#N/A,#N/A,#N/A,#N/A,#N/A,#N/A,#N/A,#N/A,#N/A,#N/A,#N/A,#N/A,#N/A,#N/A,#N/A,#N/A
Handguns,Peaceable journey law?,#N/A,#N/A,#N/A,#N/A,#N/A,#N/A,#N/A,#N/A,#N/A,#N/A,#N/A,#N/A,#N/A,#N/A,#N/A,#N/A,#N/A,#N/A,#N/A,#N/A,#N/A,#N/A,#N/A,#N/A,Yes,#N/A,#N/A,#N/A,#N/A,#N/A,#N/A,#N/A,#N/A,#N/A,#N/A,#N/A,#N/A,#N/A,#N/A,#N/A,#N/A,#N/A,Yes,#N/A,#N/A,#N/A,#N/A,#N/A,#N/A,#N/A,#N/A,#N/A,#N/A,#N/A
Handguns,Out-of-state permits recognized?,#N/A,#N/A,#N/A,#N/A,#N/A,#N/A,#N/A,#N/A,#N/A,#N/A,#N/A,#N/A,#N/A,#N/A,#N/A,#N/A,#N/A,#N/A,#N/A,#N/A,#N/A,#N/A,#N/A,#N/A,#N/A,#N/A,#N/A,#N/A,#N/A,#N/A,Partial,#N/A,#N/A,#N/A,#N/A,#N/A,#N/A,#N/A,Vehicle carry only,#N/A,#N/A,#N/A,#N/A,#N/A,#N/A,#N/A,#N/A,#N/A,#N/A,#N/A,#N/A,#N/A,#N/A,#N/A
Handguns,Concealed Carry on College Campuses?,#N/A,#N/A,#N/A,#N/A,#N/A,#N/A,#N/A,#N/A,#N/A,#N/A,#N/A,#N/A,#N/A,#N/A,#N/A,#N/A,#N/A,#N/A,#N/A,#N/A,#N/A,#N/A,#N/A,#N/A,#N/A,#N/A,#N/A,#N/A,#N/A,#N/A,No,#N/A,#N/A,#N/A,#N/A,#N/A,#N/A,#N/A,#N/A,#N/A,#N/A,#N/A,#N/A,#N/A,#N/A,#N/A,#N/A,#N/A,#N/A,#N/A,#N/A,#N/A,#N/A,#N/A
Handguns,State pre-emption of local ordinances?,#N/A,#N/A,#N/A,#N/A,#N/A,#N/A,#N/A,#N/A,#N/A,#N/A,#N/A,#N/A,#N/A,#N/A,#N/A,#N/A,#N/A,#N/A,#N/A,#N/A,#N/A,#N/A,#N/A,#N/A,#N/A,#N/A,#N/A,#N/A,#N/A,#N/A,Yes,#N/A,#N/A,#N/A,#N/A,#N/A,#N/A,#N/A,#N/A,#N/A,#N/A,#N/A,#N/A,#N/A,#N/A,#N/A,#N/A,#N/A,#N/A,#N/A,#N/A,#N/A,#N/A,#N/A
Handguns,Duty to Retreat?,#N/A,#N/A,#N/A,#N/A,#N/A,#N/A,#N/A,#N/A,#N/A,#N/A,#N/A,#N/A,#N/A,#N/A,#N/A,#N/A,#N/A,#N/A,#N/A,#N/A,#N/A,#N/A,#N/A,#N/A,#N/A,#N/A,#N/A,#N/A,#N/A,#N/A,No,#N/A,#N/A,#N/A,#N/A,#N/A,#N/A,#N/A,#N/A,#N/A,#N/A,#N/A,#N/A,#N/A,#N/A,#N/A,#N/A,#N/A,#N/A,#N/A,#N/A,#N/A,#N/A,#N/A
Handguns,Opt-Out statute?,#N/A,#N/A,#N/A,#N/A,#N/A,#N/A,#N/A,#N/A,#N/A,#N/A,#N/A,#N/A,#N/A,#N/A,#N/A,#N/A,#N/A,#N/A,#N/A,#N/A,#N/A,#N/A,#N/A,#N/A,#N/A,#N/A,#N/A,#N/A,#N/A,#N/A,Yes,#N/A,#N/A,#N/A,#N/A,#N/A,#N/A,#N/A,#N/A,#N/A,#N/A,#N/A,#N/A,#N/A,#N/A,#N/A,#N/A,#N/A,#N/A,#N/A,#N/A,#N/A,#N/A,#N/A
Handguns,Title II (National Firearms Act) weapons restricted?,#N/A,#N/A,#N/A,#N/A,#N/A,#N/A,#N/A,#N/A,#N/A,#N/A,#N/A,#N/A,#N/A,#N/A,#N/A,#N/A,#N/A,#N/A,#N/A,#N/A,#N/A,#N/A,#N/A,#N/A,#N/A,#N/A,#N/A,#N/A,#N/A,#N/A,#N/A,Yes,#N/A,#N/A,#N/A,#N/A,#N/A,#N/A,#N/A,#N/A,#N/A,#N/A,#N/A,#N/A,#N/A,#N/A,#N/A,#N/A,#N/A,#N/A,#N/A,#N/A,#N/A,#N/A
Handguns,Minimum age to purchase firearms.,#N/A,#N/A,#N/A,#N/A,#N/A,#N/A,#N/A,#N/A,#N/A,#N/A,#N/A,#N/A,#N/A,#N/A,#N/A,#N/A,#N/A,#N/A,#N/A,#N/A,#N/A,#N/A,#N/A,#N/A,#N/A,#N/A,#N/A,#N/A,#N/A,#N/A,#N/A,#N/A,#N/A,#N/A,#N/A,#N/A,21[139],#N/A,#N/A,#N/A,#N/A,#N/A,#N/A,#N/A,#N/A,#N/A,#N/A,#N/A,#N/A,#N/A,#N/A,#N/A,#N/A,#N/A
Handguns,Minors allowed to possess firearms?,#N/A,#N/A,#N/A,#N/A,#N/A,#N/A,#N/A,#N/A,#N/A,#N/A,#N/A,#N/A,#N/A,#N/A,#N/A,#N/A,#N/A,#N/A,#N/A,#N/A,#N/A,#N/A,#N/A,#N/A,#N/A,#N/A,#N/A,#N/A,#N/A,#N/A,#N/A,#N/A,#N/A,#N/A,#N/A,#N/A,"Yes, with exceptions",#N/A,#N/A,#N/A,#N/A,#N/A,#N/A,#N/A,#N/A,#N/A,#N/A,#N/A,#N/A,#N/A,#N/A,#N/A,#N/A,#N/A
Handguns,Castle Law/Stand Your Ground?,#N/A,#N/A,#N/A,#N/A,#N/A,#N/A,#N/A,#N/A,#N/A,#N/A,#N/A,#N/A,#N/A,#N/A,#N/A,#N/A,#N/A,#N/A,#N/A,#N/A,#N/A,#N/A,#N/A,#N/A,#N/A,#N/A,#N/A,#N/A,#N/A,#N/A,#N/A,#N/A,#N/A,#N/A,#N/A,#N/A,#N/A,Yes,#N/A,#N/A,#N/A,#N/A,#N/A,#N/A,#N/A,#N/A,#N/A,#N/A,#N/A,#N/A,#N/A,#N/A,#N/A,#N/A
Handguns,Self-defense law,#N/A,#N/A,#N/A,#N/A,#N/A,#N/A,#N/A,#N/A,#N/A,#N/A,#N/A,#N/A,#N/A,#N/A,#N/A,#N/A,#N/A,#N/A,#N/A,#N/A,#N/A,#N/A,#N/A,#N/A,#N/A,#N/A,#N/A,#N/A,#N/A,#N/A,#N/A,#N/A,#N/A,#N/A,#N/A,#N/A,#N/A,#N/A,#N/A,#N/A,#N/A,Yes,#N/A,#N/A,#N/A,#N/A,#N/A,#N/A,#N/A,#N/A,#N/A,#N/A,#N/A,#N/A
Handguns,Concealed carry on college campus?,#N/A,#N/A,#N/A,#N/A,#N/A,#N/A,#N/A,#N/A,#N/A,#N/A,#N/A,#N/A,#N/A,#N/A,#N/A,#N/A,#N/A,#N/A,#N/A,#N/A,#N/A,#N/A,#N/A,#N/A,#N/A,#N/A,#N/A,#N/A,#N/A,#N/A,#N/A,#N/A,#N/A,#N/A,#N/A,#N/A,#N/A,#N/A,#N/A,#N/A,#N/A,#N/A,Yes,#N/A,#N/A,#N/A,#N/A,#N/A,#N/A,#N/A,#N/A,#N/A,#N/A,#N/A
Handguns,Castle doctrine/ stand your ground law?,#N/A,#N/A,#N/A,#N/A,#N/A,#N/A,#N/A,#N/A,#N/A,#N/A,#N/A,#N/A,#N/A,#N/A,#N/A,#N/A,#N/A,#N/A,#N/A,#N/A,#N/A,#N/A,#N/A,#N/A,#N/A,#N/A,#N/A,#N/A,#N/A,#N/A,#N/A,#N/A,#N/A,#N/A,#N/A,#N/A,#N/A,#N/A,#N/A,#N/A,#N/A,#N/A,Yes,#N/A,#N/A,#N/A,#N/A,#N/A,#N/A,#N/A,#N/A,#N/A,#N/A,#N/A
Handguns,Assault Weapons law?,#N/A,#N/A,#N/A,#N/A,#N/A,#N/A,#N/A,#N/A,#N/A,#N/A,#N/A,#N/A,#N/A,#N/A,#N/A,#N/A,#N/A,#N/A,#N/A,#N/A,#N/A,#N/A,#N/A,#N/A,#N/A,#N/A,#N/A,#N/A,#N/A,#N/A,#N/A,#N/A,#N/A,#N/A,#N/A,#N/A,#N/A,#N/A,#N/A,#N/A,#N/A,#N/A,No,#N/A,#N/A,Yes,#N/A,#N/A,#N/A,#N/A,#N/A,#N/A,#N/A,#N/A
Handguns,Magazine restriction?,#N/A,#N/A,#N/A,#N/A,#N/A,#N/A,#N/A,#N/A,#N/A,#N/A,#N/A,#N/A,#N/A,#N/A,#N/A,#N/A,#N/A,#N/A,#N/A,#N/A,#N/A,#N/A,#N/A,#N/A,#N/A,#N/A,#N/A,#N/A,#N/A,#N/A,#N/A,#N/A,#N/A,#N/A,#N/A,#N/A,#N/A,#N/A,#N/A,#N/A,#N/A,#N/A,#N/A,Yes,No,#N/A,#N/A,#N/A,#N/A,#N/A,#N/A,#N/A,#N/A,#N/A
Handguns,Constitutional Right to Bear Arms?,#N/A,#N/A,#N/A,#N/A,#N/A,#N/A,#N/A,#N/A,#N/A,#N/A,#N/A,#N/A,#N/A,#N/A,#N/A,#N/A,#N/A,#N/A,#N/A,#N/A,#N/A,#N/A,#N/A,#N/A,#N/A,#N/A,#N/A,#N/A,#N/A,#N/A,#N/A,#N/A,#N/A,#N/A,#N/A,#N/A,#N/A,#N/A,#N/A,#N/A,#N/A,#N/A,#N/A,#N/A,#N/A,Yes,#N/A,#N/A,#N/A,#N/A,#N/A,#N/A,#N/A,#N/A
Handguns,Magazine capacity restrictions?,#N/A,#N/A,#N/A,#N/A,#N/A,#N/A,#N/A,#N/A,#N/A,#N/A,#N/A,#N/A,#N/A,#N/A,#N/A,#N/A,#N/A,#N/A,#N/A,#N/A,#N/A,#N/A,#N/A,#N/A,#N/A,#N/A,#N/A,#N/A,#N/A,#N/A,#N/A,#N/A,#N/A,#N/A,#N/A,#N/A,#N/A,#N/A,#N/A,#N/A,#N/A,#N/A,#N/A,#N/A,#N/A,No,#N/A,No,#N/A,#N/A,#N/A,#N/A,#N/A,#N/A
Handguns,Concealed carry allowed?,#N/A,#N/A,#N/A,#N/A,#N/A,#N/A,#N/A,#N/A,#N/A,#N/A,#N/A,#N/A,#N/A,#N/A,#N/A,#N/A,#N/A,#N/A,#N/A,#N/A,#N/A,#N/A,#N/A,#N/A,#N/A,#N/A,#N/A,#N/A,#N/A,#N/A,#N/A,#N/A,#N/A,#N/A,#N/A,#N/A,#N/A,#N/A,#N/A,#N/A,#N/A,#N/A,#N/A,#N/A,#N/A,#N/A,#N/A,#N/A,#N/A,No,#N/A,No,#N/A,#N/A
Handguns,Owner License Required,#N/A,#N/A,#N/A,#N/A,#N/A,#N/A,#N/A,#N/A,#N/A,#N/A,#N/A,#N/A,#N/A,#N/A,#N/A,#N/A,#N/A,#N/A,#N/A,#N/A,#N/A,#N/A,#N/A,#N/A,#N/A,#N/A,#N/A,#N/A,#N/A,#N/A,#N/A,#N/A,#N/A,#N/A,#N/A,#N/A,#N/A,#N/A,#N/A,#N/A,#N/A,#N/A,#N/A,#N/A,#N/A,#N/A,#N/A,#N/A,#N/A,#N/A,Yes,#N/A,#N/A,#N/A
Handguns,"License required for concealed carry?",#N/A,#N/A,#N/A,#N/A,#N/A,#N/A,#N/A,#N/A,#N/A,#N/A,#N/A,#N/A,#N/A,#N/A,#N/A,#N/A,#N/A,#N/A,#N/A,#N/A,#N/A,#N/A,#N/A,#N/A,#N/A,#N/A,#N/A,#N/A,#N/A,#N/A,#N/A,#N/A,#N/A,#N/A,#N/A,#N/A,#N/A,#N/A,#N/A,#N/A,#N/A,#N/A,#N/A,#N/A,#N/A,#N/A,#N/A,#N/A,#N/A,#N/A,"Yes",#N/A,#N/A,#N/A
Handguns,"License required for open carry?",#N/A,#N/A,#N/A,#N/A,#N/A,#N/A,#N/A,#N/A,#N/A,#N/A,#N/A,#N/A,#N/A,#N/A,#N/A,#N/A,#N/A,#N/A,#N/A,#N/A,#N/A,#N/A,#N/A,#N/A,#N/A,#N/A,#N/A,#N/A,#N/A,#N/A,#N/A,#N/A,#N/A,#N/A,#N/A,#N/A,#N/A,#N/A,#N/A,#N/A,#N/A,#N/A,#N/A,#N/A,#N/A,#N/A,#N/A,#N/A,#N/A,#N/A,"Yes",#N/A,#N/A,#N/A
Handguns,Assault weapon law,#N/A,#N/A,#N/A,#N/A,#N/A,#N/A,#N/A,#N/A,#N/A,#N/A,#N/A,#N/A,#N/A,#N/A,#N/A,#N/A,#N/A,#N/A,#N/A,#N/A,#N/A,#N/A,#N/A,#N/A,#N/A,#N/A,#N/A,#N/A,#N/A,#N/A,#N/A,#N/A,#N/A,#N/A,#N/A,#N/A,#N/A,#N/A,#N/A,#N/A,#N/A,#N/A,#N/A,#N/A,#N/A,#N/A,#N/A,#N/A,#N/A,#N/A,No,#N/A,#N/A,#N/A